{
  "actual_total": 31129779532.954712,
  "income_actual_total": 30799876153.0,
  "allowance_actual_total": 329903379.9547119
}
