{
  "actual_total": 32973756679.954712,
  "income_actual_total": 32643853300.0,
  "allowance_actual_total": 329903379.9547119
}